;input;path;generated;Lev
0;fish 4 1; О О О О О И Л К А К Л Л К Ш Х Ц Щ З С Т; О Ф Х Ш А Ш Х Ц Щ Т;14
1;fish 4 2; О О О И И О О И К А Д С Р; О Ф Х Ш А Ш А Д С Т;9
2;fish 4 3; О М Л Л К Щ Ц Х Х Ц Щ З С С С Ж Л М О О И И И И И И И И О О И Л Л К Ш Ч Ц Щ К Л Ж С С С С С С Ж Л М О О И Л Л К А Ш Х Ц Щ З С С З К Щ Ц Х Ш А К Л Л И О О М Л И Г; О Ф Х Ш А Ш Х Ц Щ Т;73
3;fish 5 1; О М М М М О О М К Г Щ Ц Ц Ц Х Ш А Ш Х Ц Ц Х Х Ц Щ Г К К З С С С Т С З Г Щ Ц Х Ш А К К Х Ц Ц Х Ш К К Ш Х Ц К Л В Ж Т С З К Л В Г З С С С Т; О Ф Ф Ф Ф Ц Щ К Л Т;64
4;fish 5 2; О М К Г Щ Ц Х Ш К Л Л К А Ч Ц Щ Г С С З Щ Ц Х Ш К К Л Б Л И И И И И О О М К К Л Ж Т Ж Л И Щ Щ И К А Д С Е Л К Ш Х Ц Щ К Л В Ж С С; О Ф Ф Ф Ц Щ К Л Л Т;59
5;fish 5 3; О М К Л Ж Ж Л М О О И И И И О О И Л Л К Д С Р; О Ф Ф Ф Ф Ц Щ К Л Т;21
6;fish 6 1; О Ф Ц Г З С С С С Ж Л К К М О О И К Ш Х Ф Ф Ф Ф Ф Ф Ф Ф Ф Ф Ф Ф Ф Ф Ф Ф О О И К Ш Х Щ Щ К Л Л Л Л М О О И Л Е Е Л К К Л Л И О О М Л Ж Ж Л М О О И Л Л И О О И И И И И Л Е Р; О Ф Ф Х Ш А К Л К Т;79
7;fish 6 2;Т Ж В Л М О О И Л Б Е Р; О Ф Х Ш А К К К Л Т;11
8;fish 6 3; О Ф Ц Г З С Ж Л К Щ Ц Ч Ш Д С Е Л И И Л Л И М К Г К Л Ж Т; О Ф Ф Х Ш А К К К Т;24
9;fish 6 4; О Ф Х Ш Д С С Д Ш Х Х Ш А К Л Л К Ш Х Х Ш Д С С Д Ш Х Х Х К И И И Ф Ц Щ З С Ж Л К К К К М И И Ф Ц Щ З С Ж Л К К М И И Ф Ц Щ З С Ж Л К К Л Л М И К Д С Е Л И О О Ф Ц Щ З С С З Щ Ц Ц Щ З С Ж Л Л Ж Т; О Ф Х Ш А Ш Х Ц Щ Т;89
10;fish 7 1; О О О И К К Л Л К К Л Л К К И И К К Л Б Б Л И О О О О О И К Ш Х Ц Щ З С С З Щ Ц Х Ш К Л Л И О О О О О О И Л Л К К Л Е С С Е Л И И Л Л И И Л Л И О О Ф Ц Щ З С Т; О Ф Ф Х Ш А Ш Х Ц Т;76
11;fish 7 2; О Ф Ц Ц Х Ш Д С С Д Ш Х Ц Щ Г Щ Ц Ц Щ З С Ж Л К З С С З Щ Ц Ц Ц Х Ш Д С С Д К К Ш Х Ф Ф Ц Ц Х Х Ц Щ К Л Л К Г Щ Ц Ц Щ К Л Ж С З К Л Л М Ф Х Ш А К К Ш Х Х Ш Д С С Д Ш Х Х К Л Л К Д С Е Л И И И И К К К Д С С Д Д С С Д Ф Ш Х Х Ш К К Д С С Д Ш Х Ц Ц Ф О О Ф Х Х Х Х Х Ш Д С С Д Ш Х Ц Щ З С Т; О Ф Х Ш А Д С С Д Т;135
12;fish 8 1; О О О М М М Л Ж Ж Л М О О М М Ф Х Ш К К А Ш Ш Д С С Д А Д С Е Л К Ш Х Ф О О М Л Л Л К Г К К Ш Ц Ф Ф Ц Щ З С Т; О Ф Ф Х Ш А Ш Х Ц Т;47
13;fish 8 2; О М К Г К К З С Т; О Ф Х Ш А Ш А К К Т;8
14;fish 8 3; О Ф Х Х Ц Щ З З Щ Ц Х Ш Д С Е Л К А К К Д С С Д Ш Х Ц К Л Ж С З З С Т Ж Л К Щ Ц Ф Ф Ц Щ Г К Л Л К Г Г Щ Ц Х Ш Д С Е Л И И И М К Г Щ Ц Ц Г З С Ж В Л К З С Ж В Л К З С С З Г З С Ж Л М О О Ф Ш А А Д С С Д Ф Ш Х Ф О О Ф Х Ш А А Ш Х Х Ш Д С С С Р; О Ф Ф Х Ш А К К К Т;113
15;fish 8 4; О О О Ф Х Ш К К Ш Х Ф Ф Ф Ф Ц Щ Г К К З С С З Г Щ Ц Ц Щ З С С З Г К М О О Ф Х Ш Л Е С Д А Ш Х Х Ш Ф Д Д К К Ш Х Х Ш А К К Ш Х Ф Ф Х Ш К К К Л Л И К Ш Х Х К А К К Ш Х Ц Щ Г З С С З Щ Ц Х Х Ф О О М К К Л Ж С З Г Щ Щ З С Т; О Ф Х Ш А Ш Х Ц Щ Т;101
16;fish 9 1; О М Л В Л К К Л Л К Г К К Г Г З З Г З С Т; О Ф Х Ш А Д С С Д Т;19
17;fish 9 2; О Ф Х Ш А Ш Х Х Ш Д Д А А Д С С С Е Л И О О Ф Ц Щ Г Щ Ц Ц Щ Г Г Г К Л Л К Г З С С З Щ Ц Х Ш Д С С Д А Ш Х Ц Щ Г З С Ж В Л М Ф Ф Ф Х Ш К Л Б Л К К Л Б Е Р; О Ф Х Ш А Д С С Д Т;68
18;fish 9 3; О Ф Ф Ф Х Х Ф Ф Х Ш Д С С Д А К К А Д С С Д К К А Д С С С Е Л К А Ш Х Х Ш Ш Х Ц Щ К Л Л К Г З С Ж Л К Г З З Г З С С З Щ Ц Х Х Ц Щ З С Ж В Л Л Ж С С Ж Л К Г Г Щ Ц Х Ш А Д С С Д К К Д С Р; О Ф Х Ш А А А А Д Т;84
19;fish 9 4; О Ф Ф М Л В Л К З З Г З С С З Ц Ц З С С З Щ Ц Х Х Ф О О Ф Х Х Ц Г З С С З К Л Ж Т; О Ф Х Ш А Д С С Д Т;36
20;fish 10 1; О Ф Х Ш К Л Л К Ш Х Ц Щ З С Ж Л К К Л В Л М И И И И И И И И И И И М К К Л Ж Ж Л М И К Д С С Д Д С Е Л Л Б Л И М Л Л К З С Ж Ж Ж Л М И И Л Е Р Р С С Р; О Ф Х Ш А К К Л К Т;67
21;fish 10 2; О Ф Ф М К Л Л М И Л Л И М К Г К Л Л К Г З С С З З К К К Л Ж Ж Л И И И М М И К К К Д С С Д К Л Б Л И М Л Ж С С С З Г Щ Ц Ц Ц Х Ш Д С С Д А К Л Е С Д А К К К К Ш Х Х Ш Г К Л Л Л Л Л М И К Д С Е Л И О О Ф Щ Щ Г З С Т; О Ф Х Ш А Д С С С Т;99
22;fish 10 3; О Ф Х Ш А К К А Д С С Д А Ш Х Ц Щ Г К К К Л Л К З С Ж Л М О О И Л Л К А Ш Х Ц Ц Х Ш А Ш Х Х Х Ш А А А Ш Х Ц Щ З С Ж Л Л Ж Т; О Ф Х Ш А К К К Л Т;53
23;fish 11 1; О И И И И М Л Л К Г К К Г Г З З К К Щ Ц Х Ш Д С С Д А А А Ш Х Х Ш А Д Д А Д Д А А Д С С Д Ш Х Ф О О М К Г Г Г Г З С С З К К Г З С Т; О Ф Х Ш А К К К К Т;59
24;fish 11 2; О И К А К К Д С С Д А А А А Д Д А Ш Х Ф И К Д С Е Б Л К А А Д С Е Л И М Л Ж С З Г З С С З Г З З К К З С Т; О Ф Х Ш А А А А А Т;47
25;fish 11 3; О Ф Ц Щ К Л Ж С С С З Г Щ Ц Х Ш Д С Е Л К А Ш Х Ф Ф Х Ш К К А Д С С Д А Д Д А Ш Х Ц Щ Г К М М К Г З З К К З С Ж Л К Г Щ Ц Х Х Ф О О М Л Л К К К К Л Л М И Л Б У С Д К Л Л И О О И Л Л И О О И К Д С Е Б Л И М К К Л Ж С С Т; О Ф Х Ш А А А А А Т;102
26;fish 12 1; О О О И И И К К К К Л Л К К К К Л Л И И Л Л И И Л Е С Д А К К К Л Е С Д А А Ш Х Ф О О И К А А А А Д С С Д К К А Ш Х Ц Щ З З Г З С С З Г К Л Ж С З К М И И И К А Ш Х Х Ш А А Д С Е Л И М Л М М М И Л Е Р; О Ф Х Ш А Д С С С Т;93
27;fish 12 2; О Ф Х Ш А Д С С Д А Ш Х Ц Щ З З Щ Ц Х Ш А Ш Х Х Ш А Д С Е Л И Ф Х Х Ц Щ К Л Ж Ж Л К Г К Л Л К Г З С С З Щ Ц Х Ш А Ш Х Х Х Ф М К К К З С С С С З К Л Ж С С С С С С С С Ж В Л К З С С З Г Щ Ц Х Х Ц Щ Г З С Ж В Л К Щ Ц Ц Щ Г З С С С Ж Л М О О О О М Л Л К З С Т; О Ф Х Ш А Д С С С Т;119
28;fish 12 3; О И К А А А Д С С Д А Ш Х Ф Ф Х Ш А Д С С Д А А Д Д А Ш Х Ц Щ З С С С … Т; О Ф Х Ш А К К К К Т;32
29;fish 13 1; О И К А Д С С Д А Ш Х Ф Ф Ф Х Ш А Д Д Ш Х Х Х Х Ш А Д Д К Л Е С С С С Е Л И О О Ф Ф Ф Х Х Ц Щ З З Г К К Г Щ Ц Ф М Л В О Ж Т; О Ф Ф Х Ш А А А А Т;55
30;fish 13 2; О Ф Х Ш А Ш Х Х Ш А А А К К Д Д А Д С … Е Л К А Ш Х Ц Ц Ф Ф Ц Щ Г Ш Г Г К Л Л К З С Ж Л Л Л Л Л К Щ Ц Х Ш А А Ш Х Х Ш А А Д С С Д А Ш Х Ф Ф Ц Щ К К Щ Ц Х Х Ц Щ К К Щ Ц Х Ш А А А Д С Е Б Л Л Л И О О И К А Д С Е Л К А А Ш Х Ц Ц Х Х Ц Щ З З Щ Щ Г Ц Х Ш А Д С С С С С С С Р; О Ф Х Ш А А А А А Т;126
31;fish 13 3; О И Л Е С Д А К Л Л К К Л Е С С Р; О Ф Х Ш А А А А А Т;15
32;fish 14 1; О И К Д Д А А А Д С С Д А Д С С Д А А А Д Д А Д С С Д А А Ш Х Ц Ц Ф Ф Ф Ф Х Х Х Ш А Ш Х Х Ш А Д С С Д А Д Д А Д Д А Д С С Д А Д Д А Ш Х Ф Ф Х Ш А А Д С С Д К К Ш Ш А Д Д Д С С Д Д С Р; О Ф Х Ш А Д С Д С Т;83
33;fish 14 2; О Ф Ф О О И К Д С С Д А К К Д С С Д К А Ш К К И И К А Д С Е Л К А А Д С Е Л К Ш Х Ц Щ З С С З Г К К Г Г Г З С С З Щ Ц Х Ш А Д Д Ш Х Ц Щ З С С З Щ Ц Ц Щ К Л Л К Г З С С З К Л Л М И И К А А Д С Р; О Ф Х Ш А Д С Д С Т;88
34;fish 15 1; О Ф Ф О О Ф Х Ш А К К А Ш Х Ф Ф Х Ш Д С С Д А Ш Х Ц Щ Г К Л Ж С З З С Т; О Ф Х Ш А Д С С С Т;27
35;fish 15 2; О Ф Х Ш Д С С Е Л К Д С Е Л К А Ш Х Х Ш Д С С Д Ш Х Х Ш К К Д С Е Л К Ш Х Ц Ц Х Х Ц Щ Г К К З С Ж В Л Л В Л К Г З С С З К М И К А Д С Е Л К Ш Х Х Ш А Д С С С Е Р; О Ф Х Ш А Д С С Д Т;72
36;fish 15 3; О И Л Е С С Е Л К Ш Х Ц Щ Г К К Г З С С З Г З С С З Г Г З С С З Г Щ Ц Ц Щ К Л В Ж С З Г З С Т; О Ф Х Ш А К К К К Т;42
37;fish 16 1; О Ф Ф О О М М И К А Д С С Д А К К Д С С Д А Ш Х Х Ш А Д С С Д Ш Х Ф О О И К А Ш Ш Д С С Д Ш Х Ц Щ З С С З Г К К К Г З С Ж В Л М И Л Л И М М Л В В Ж Т Т С З Г Ш Ц Х Х Ц Ш З С С З Г К Л Ж Ж Л Л Ж Т; О Ф Х Ш А Ш А К К Т;89
38;fish 16 2; О М К Г К Л Л К Г Щ Ц Х Ш К К Д С С Д Ш Х Ц Щ Г К К З С С С С С С С С С Ж Л М О О И И И И И К А Ш Х Ф И Л Л К Д С Е Л К К К К Л Л И О О Ф Х Ш А Д Д А Ш Х Ц Щ З С Т; О Ф Х Ш А Д С С С Т;75
39;fish 17 1; О Ф Ф И К А Д Д Д Д Д С С Д А Ш Х Ф Ф Х Ш Д С С С С Д Ш Х Ф О О М Ж Т; О Ф Ф Ф Ф Ц Щ К Л Т;30
40;fish 17 2; О Ф Х Ш А К К А К Л Б Л К А Д С С Д А Д Д Ш Х Ц Щ З С Т; О Ф Ф Ф Х Ш А Ш А Т;24
41;fish 17 3; О Ф Ф И К А Д С С Д А К Л Е Р Р С Д А К К Ш Х Ц Щ Г Г Г Щ Ц Х Ш Д С С Д Ш Х Ф О О Ф Ф Ф Ц Щ З С Ж В Л К К Л Ж Т Т Т; О Ф Ф Ф Ф Ц Щ К Л Т;49
42;fish 17 4; О Ф Ф И К Ш Х Ф Ф Х Ш А К К Д С С Д А Ш Х Х Ш А Д С С Д К Л Е С С Е Л Л Е Р; О Ф Х Ш А Ш А К К Т;30
43;fish 17 5; О И М Л Ж С З К Л Ж С С Т; О Ф Ф Ф Ц Щ К Л Л Т;10
44;fish 17 6; О И Л Е С Д А А Ш Х Ф Ф Х Ш Ш Х Ц Щ Г Щ Г З С С З Ш Ц Х Ц Ш А К К Ш Х Ф О О М К Щ Ц Ц Щ Г З С Т; О Ф Ф Ф Ц Щ К Л Л Т;42
45;fish 18 1;У О М К К Л Ж С З Г З С С З Г К Л Л К Г З С С З Г К К Г З С С С С З Щ Ц Х Ш А К Л Б Л К А Д Д А Ш Х Ц Щ Г З С Ж Л М И И И К А А А Ш Х Х Ш Д С С Д А Ш Х Ф Ф Ц Ц Ф О О М К К Л Л К Г Г З С Т; О Ф Х Ш А Д С С С Т;86
46;fish 18 2; О Ф Ф Ф Х Х Ц Ц Х Ш А Д Д Д С С Д А К Л Л И И К Д С Е Л Л Е С С Е Л И И К Д С С Д А Ш Х Ф Ф Ф Ф Х Ш А Ш Х Х Ш А А Д С С Д Ш Х Ф Ф Ф Ф Ф И К Д Д А Д С С С С С С С Р; О Ф Х Ш А Д С С С Т;73
47;fish 19 1; О Ф Ф И К Д С С Д А Ш Х Ф О О И И К А Д С С Д Д С С Д Х Ф О О Ф Х Ш А А Д С С Д Ш Х Х Ш К Д Д А Ш Х Ц Щ Г Г Г Щ Ц Ц Щ Г К Л Ж Т; О Ф Ф Ф Ф Ф Ф Ф Ф Т;58
48;fish 19 2; О Ф Х Ш А А Ш Х Х Ш А К К А Д С С Д Ш Х Ц Щ Г Щ Ц Х Х Ц Г К Л Ж Т; О Ф Ф Х Ш А К К Л Т;25
49;fish 19 3; О Ф Ф И Л Б Л И М К Г Г К Л Л К З С Ж Л Л Ж С С Т; О Ф Ф Ф Х Ш А К К Т;20
50;fish 19 4; О О О Ф Ц Щ З С Г Щ Ц Х Щ А К К Ш Х Ц Щ Г Щ Ц Х Ш К Л Е Р; О Ф Х Ш А Ш А К К Т;23
51;fish 20 1; О И И Ф Ф О О И К А Д Д Ш Х Ф Ф М Л Л К Г Ш Ц Ц Ш Г З С Т; О Ф Ф Х Ш А Ш А К Т;23
52;fish 20 2;У О Ф Ф И И К А Д Д Ш Х Ц Ц Х Ш А Ш Х Ц Щ Г К К Г З С Т; О Ф Х Ш А Д С С С Т;22
53;fish 20 3; О Ф Х Ш А Д Д А К К Ш Х Ц Щ Г К М И К Ш Х Ц Щ З С С З Щ Ц Х Ш А К Л Е Р; О Ф Ф Х Ш А К К К Т;29
54;fish 20 4; О Ф Х Ш К К Ш Х Ц Ц Г К К Г З С С З Щ Ц Ц З С С С С З З С С З Щ Ц Ц З С С З З С Т; О Ф Х Ш А Ш А К К Т;34
55;fish 22 1; О И К К Д Д А А Д Д А К К А Ш Х Х Ш Д С С Д А А А А А А А Д Д С С Д Ш Х Ц Щ Г Щ Ц Ф О О И К К Л Е Р; О Ф Ф Х Ш А Ш А Д Т;44
56;fish 22 2; О Ф Ф Х Ш А А Ш А Ф Ф Х Ш А А Д С С Д А А А Ш Х Х Ш Д С С Д Ш Х Х Х Ц Щ З С С З К К Г З С С З Щ Ц Ц Щ К Л Ж Т; О Ф Х Ш А Д С С С Т;46
57;fish 22 3; У О И К Ш Х Ц Щ К Л Ж Ж В Ж С С С С Ж Л К Щ Ц Х Ф Ф Х Х Х Ш А Ш Х Ц Ц Х Ш А А А А Ш Х Ц Щ З С С З Г З С С З Г К Л Ж Ж Л Л Ж Т; О Ф Ф Х Ш А К К К Т;56
58;fish 22 4; О И К А Д С С Д Ш Х Ц Ц Х Ш А Д С С Д К Л Е С Д Ш Х Ц Г З З Г Щ Ц Х Ш К К Д С Р; О Ф Х Ш А Ш А Ш Х Т;34
59;fish 23 1; О И И И К А А К К А Ш Х Ц Щ Г К Л Ж Т; О Ф Х Ш А Ш А Д С Т;16
60;fish 23 2; О Ф Х Х Ц Щ З С С З Щ Ц Х Ш А Ш Х А Ц Ц Х Ш А Д С С Д А К К Д Д Ш Х Ц Щ З С Т; О Ф Х Ш А Ш А Д С Т;30
61;fish 23 3; О Ф Х Ш А Ш Х Х Ш А Д С С Д Ш Х Ц Щ К Л Ж С З К К З С С З Щ Ц Х Ш Д Д Ш Х Ц Щ З С С З Г З С Ж Ж Т; О Ф Х Ш А Ш А К К Т;40
62;fish 23 4; О Ф Х Ш А А Ш Х Ц Щ К К Г Щ Ц Х Ш Д С Р; О Ф Х Ш А Ш Х Ц Щ Т;11
63;fish 23 5; О Ф Х Ш Д С Е Б Л Л С С Р; О Ф Ф Ф Ц Щ К Л Л Т;9
64;fish 23 6; О И Л Е С Д А Ш Х Ц Ц Ш Х З С С З Г Щ Ц Х Х Х Ш Д С Р; О Ф Х Ш А К К К К Т;24
65;fish 23 7; О О О И К А К К А Ш Х Ц Ц Х Ш Д С Е Л И М М И К К Л Л И М К К Л Ж Т; О Ф Х Ш А Ш Х Ц Щ Т;29
66;fish 24 1; О И К А Д С С Д А К К Д С С Д К Л Б Е Р Р Е Л И О О М К Г К К Щ Ц Х Х Ц Щ К Л Ж Т; О Ф Ф Ф Ц Щ К Л Л Т;36
67;fish 24 2; О Ф Х Ш А Д С С Д А Д С С Д Ш Х Ц Щ Г Г Щ Ц Х Ш А К Л Е Р; О Ф Х Ш А К К К К Т;23
68;fish 24 3; О Ф Х Х Ц Щ Г К К Г З С С З Г З С С З Ц Х Ш К К А Ш Х Ц Щ Г Ц З С Т; О Ф Ф Ф Ф Ц Щ К Л Т;30
69;fish 24 4; О М К Г Г З С Т; О Ф Х Ш А К К К К Т;8
70;fish 24 5; О М К Г З С С З Щ Ц Х Х Ц Г З С С З Г К Л Л К К Л Ж Т; О Ф Ф Ц Щ К Л Л Ж Т;21
71;fish 24 6; О Ф Х Ц Щ К К З С С З Г З З Щ Ц Ц Щ Г К К К Л Ж Т; О Ф Х Ш А К К К К Т;18
72;fish 24 7; О Ф Х Ш А Ш Х Ф М К Г К К Г Щ Ц Х Х Ц Щ З С С З Щ Ц Х Х Ц Ц Х Х Ц Ц Х Ш А К Л Е Р; О Ф Х Ш А К К К К Т;32
73;fish 25 1; О И К А Ш Х Ф О О И К А Д С Р; О Ф Х Ш А Д С С С Т;11
74;fish 25 2; О Ф Х Ш А К К Ш Х Ц Щ Г З С С З К Л Ж Т; О Ф Х Ш А Д С С С Т;13
75;fish 25 3; О М К Г З С С З Г З С С З З С Т Т Ж Л К Щ Ц Х Ш А Д С Р; О Ф Х Ш А К К К К Т;25
76;fish 25 4; О М М И К Ш Х Ц Щ Г Щ Ц Ц К К Ц Х Ш А К К Ш Х Ц Ц Х Ш А К Л Е Р; О Ф Х Ш А Ш Х Ц Щ Т;25
77;fish 25 5; О М К Л Л К Г З С Ж Л Л Ж С С С С С С Т; О Ф Ф Ф Ц Щ К Л Ж Т;17
78;fish 25 6; О Ф Х Ш К К Ш Х Ц Ц Х Ц Ц Х Х Ц Ц Х Х Ц Г К К Ц Х Х Ц Г З С С С С С С С Т; О Ф Х Ш А К К К К Т;30
79;fish 25 7; О И К Д С С Д Ш Х Х Ш А К К Ш Х Ц Щ Г К К К М Л Ж Т; О Ф Х Ш А К К К К Т;18
80;fish 26 1; О Ф Щ Ц Г Щ Ц Х Ш А Д С Р; О Ф Х Ш А К К К Л Т;9
81;fish 26 2; О И К А Д С С Д А К К А Д С Е И И И М К Г К Л Ж Т; О Ф Х Ш А К К К Л Т;19
82;fish 26 3; О И И И К А Д С С Д Ш Х Ц Щ Г К Л Ж Т; О Ф Х Ш А К К К К Т;16
83;fish 26 4; О Ф Х Ш А Ш Х Ц Щ Г К Л Ж Т; О Ф Х Ш А К К К К Т;8
84;fish 26 5; О М Л Ж Т Т С З К Л Ж Т; О Ф Ф Х Ш А К Л М Т;9
85;fish 26 6; О М К З С Т; О Ф Х Ш А К К К К Т;7
86;fish 26 7; О М К К Л В Л К К Л Ж Т; О Ф Х Ш А К К К К Т;9
87;fish 26 8; О М К З С Т; О Ф Х Ш А К К К К Т;7
88;fish 27 1; О Ф Х Ш А Ш Х Ц Щ Г Г Г З С Т; О Ф Ф Х Ш А Ш А К Т;10
89;fish 27 2; О И К Ш Х Ц Щ Г Щ Ц Х Ш А Ш Х Ц Щ К Л Ж Т; О Ф Х Ш А Д С С С Т;17
90;fish 27 3; О И К Д С С Д А Д С С Д А Ш Х Ц Щ З С Т; О Ф Х Ш А К К К К Т;18
91;fish 27 4; О Ф Х Ш Ш Х Ц К К К Л В Л К Щ Ц Х Ш А Ш Х Ц Ц Х Ш Д С Р; О Ф Х Ш А Ш Х Ц Щ Т;20
92;fish 27 5; О М К З С С С С С Т; О Ф Ф Ф Ц Щ К Л Л Т;9
93;fish 27 6; О М К З С Т; О Ф Х Ш А К К К К Т;7
94;fish 27 7; О И К А Ш Х Ц Щ З С Т; О Ф Х Ш А К К К К Т;9
95;fish 27 8; О И К Д С Р; О Ф Х Ш А К К К К Т;7
96;fish 27 9; О И К А Ш Х Ф Ф Ц Щ К Л М О О И Л Б Л К Д С С Д А Д С Р; О Ф Х Ш А Д С С Д Т;22
97;fish 27 10; О М Л Ж Т Т С З Г З С С З Г З С Т; О Ф Х Ш А К К К Л Т;16
98;fish 5 1;  Н О М М О О Ф Щ Щ К Л Б Л М О О Ф Ц Щ К К Г К О Ж С С Т Т С С С С С З Щ Ц Ц Щ Ц Ф О О И И И Л Л К К Л Е С С Р; О Ф Ф Ф Ф Ц Щ К Л Т;48
99;fish 5 2; О Ф Ф И М Л Ж С С Ж Л Л Л К Щ Ц Ф О О Ф Ц Щ К Л Ж С С Ж Л Л Л М М Л Ж С С Т; О Ф Ф Ф Ц Щ К Л Л Т;29
100;fish 5 3; О И К А Ш Х Ц Щ К Л Л К Щ Ц Х Ш А Ш Х Ц Щ З С Ж Л М И И И К Ш Х Х Ш Д С С Д Ш Х Ц З С С З Ц Х Ш А Ш Х Х Ш К Л Л К Ш Х Х Ш Д С С Д Ш Х Х Ш К К Д С Р; О Ф Ф Ф Ф Ц Щ К Л Т;69
101;fish 6 1; У О О О О О М Л Ж С Т; О Ф Ф Х Ш А К Л К Т;10
102;fish 6 2; О Ф Ф Ф Ц Щ К Л Ж Т; О Ф Х Ш А К К К Л Т;7
103;fish 6 3; О Ф Ц З З К Л Л К Г Щ З С С С С С Ж Л К З С С З Щ Ц Х Х Ц Щ Ц Х Ш А Ш Х Х Ш А К К Ш Х Х Ш Ш Х Ц Щ К Л Ж С З К Л Л К З З Щ Ц Ц Щ З С Ж Л Л Ж С З Щ Ц Ц Ц Х Ш Д С С С С Д А Ш Х Х Ш Д Д Ш Х Ц Г С Т; О Ф Ф Х Ш А К К К Т;89
104;fish 6 4; О Ф Х Ш А Ш Х Ц Щ З С Ж Ж Т; О Ф Х Ш А Ш Х Ц Щ Т;5
105;fish 6 5; О О О И И Ф Ц Ц Ц Щ З С Ж Л К Щ Ц Х Х Ц З С С С Ж Л К Г З З Щ Ц Ф Ф Х Х Ф И И И Л Е С Д К К А Ш Х Х Ш Д С Е Л К Ш Х Ц Щ З З Щ Ц Ц З С С З Щ Ц Ц З З Ц Ц Ц Х Ш А К К Д С С Д Ш Х Х Ш Д С С С С С Р; О Ф Ф Ф Ц Щ К Л Ж Т;90
106;fish 7 1; О Ф Х Ш А Ш Х Ц Щ К К З С С З Г Щ Ц Х Х Ф О О И Л К Д С С Д А Ш Х Ц Щ К Л М Ф Ц Щ З С С З К К Щ Ц Ц Ц Х Ш Д С С Д Ш Х Х Ш Д С С Д Ш Х Ц З С Ж Л М М Л Л М Ф Х Ш К Л Е С С С Д Ш Ш Д С Р; О Ф Ф Х Ш А Ш Х Ц Т;84
107;fish 7 2; О И Л Е С Д А К К Ш Х Х Ш Ш Х Ц Щ К Л Л М О О И Л Е Б Б Л Л Е Р; О Ф Х Ш А Д С С Д Т;29
108;fish 8 1; О Ф Ц Щ К Л Ж С З Щ Ц Ф Ф Ц Ц Х Ш А Ш Х Х Ш К К Д С Е Б Б Л Л Б Л К Ш Х Ф Ф Х Ш А Д С С Д Ш Х Х Ш Д С Р; О Ф Ф Х Ш А Ш Х Ц Т;44
109;fish 8 2; О М Л Л М И Л Е С Д Ш Х Ц Щ З С Т; О Ф Х Ш А Ш А К К Т;15
110;fish 8 3; О М Л В Л К З С Т; О Ф Ф Х Ш А К К К Т;8
111;fish 8 4; О Ф Ф О О Ф Х Ш А Ш Х Х Ш Д Д Ш Х Х Ш К К К Л Л К Д С Р; О Ф Х Ш А Ш Х Ц Щ Т;21
112;fish 8 5; О О О И К А К Л Л И И К К Л Е С Д Ш Х Ц Щ Г К Л Л К Щ Ц Ф Ф Ц Щ Г З С Т; О Ф Ф Ф Ф Ц Щ К Л Т;31
113;fish 8 6; О Ф Х Х Ц Щ Г К Л Л К Щ Ц Х Ш А К И И К А А А А Ш Х Х Ш А Д С Е Л И И И И И И К А Ш Х Ц Щ Г К К Г З С С З Г З З Г Щ Ц Х Х Ц Щ Г З С Т; О Ф Х Ш А К К К К Т;58
114;fish 9 1; О Ф Ф О О И Л Б Е С Д А К К А Д С С Д К К А Д С Р; О Ф Х Ш А Д С С Д Т;18
115;fish 9 2; О Ф Х Ш А Ш Х Х Х Х Ш Д С Е Л К А Д С С Д А А К К А Д С Е Л К А Д С С Д А А Д С Е Л К А Д С С Д А А Ш Х Ц Щ Г З С С З Щ Ц Х Ш А Ш Х Ц Щ З С С З Щ З С Ж Л К Г К К З З Щ Ц Х Ш А Ш Х Ц Щ Г З С Т Т Ж Л К Г Щ Ц Х Х Ц З С Т; О Ф Х Ш А Д С С Д Т;100
116;fish 9 3; О О О Ф Х Ш А К И Ф Х Х Ц З З К Л Л К Г З С Ж Л М Ф Х Ш А Ш Х Х Ш А Ш Х Ц К Л Л К Г З С С З Щ Ц Х Ш А А А Ш Х Х Ш А Д Д Ш Х Х Ш Д С Е Л К Д С С Д Ш Х Ц З С Ж Л К Г Г Г З З З С Ж Л Л Ж С С Т; О Ф Х Ш А А А А Д Т;86
117;fish 10 1; О Ф Ф О О Ф Ф И Л Л К Д С Р Р С Д А Ш Х Ц Ц Х Х Ф М К Г Щ Ц Х Ш Д Д Ш Х Ц Х Ш К К Ш Х Ц Щ З З Щ Ц Х Ш Д С Р; О Ф Х Ш А К К Л К Т;48
118;fish 10 2; О Ф Ф Ф Ц Щ Г К Л Л К З С С З Щ Ц Ф М Л Ж Ж В Ж С С Т; О Ф Х Ш А Д С С С Т;22
119;fish 11 1; О Ф Х Ш А К И И К А А А Д Д А Ш Х Ц Ш Г К М И Л Е С Д Ш Х Ц Щ Г К К Щ Ц Х Ш А К К А К К А Д Д А А Ш Х Ц Щ Г З С Т; О Ф Х Ш А К К К К Т;48
120;fish 11 2; О Ф Х Ш А Ш Х Х Х Ц Щ Г К Л Л К Г Г З С С З Г Щ Ц Х Ш А Ш Х Ц Щ Г К Л Ж С З Г К Л Л К К К Г З З Щ Ц Х Ш Д С С Д А А Ш Х Ц Щ Г Щ Х Ш Ш Х Ц Щ Г З С С З Ш Щ Ц Х Ш А Д Д Ш Х Ц Щ З С Т; О Ф Х Ш А А А А А Т;81
121;fish 11 3; О Ф Х Ш А К К А Ш Х Ц Щ Г К К Г З С С З Щ Ц Х Ш А К К А Ш Х Ц Щ Г К Л Л К Г З С Т Т С З Щ Ц Х Х Ц Щ Г З С Т Т Ж Л К Г З З Г Щ Ц Х Х Ф Ф Ц Щ Г З С С С С С Т; О Ф Х Ш А А А А А Т;70
122;fish 12 1; О Ф Х Ш А К Л В Л К Ш Х Ц Щ Г Г Щ Ц Х Х Ф О О М К Г З С С З Г Щ Ц Х Ш А Д С Р Р Р; О Ф Х Ш А Д С С С Т;33
123;fish 12 2; О М К К Л Л К Г К Л Л М М К Щ Ц Х Ш А Ш Х Х Ш К К Д С С Д А Ш Х Ц Щ Щ Ц Х Ш А К Л Л И Ф Ц Щ Г К Л Ж С С Ж Л К Щ Ц Х Ш А А Д С С Д А Ш Х Ц Щ З С С З Щ Ц Х Ш К Л Л К Д С Е Л К А Д Д А А Ш Х Х Ш Д Д Ш Х Ц Щ К Л Ж С С Т; О Ф Х Ш А Д С С С Т;99
124;fish 13 1; О М Л Л К З С С З З З З С Ж Л К А Ш Х Ф О О О О Ф Х Ш А Ш Х Ц Щ Г К К З З Щ Ц Х Ш А К Л Л К А Ш Х Ц Щ З С С Т; О Ф Ф Х Ш А А А А Т;47
125;fish 13 2; О Ф Х Ш А Ш Х Ц Щ Г З З Щ Ц Х Х Ц Щ З З Щ Ц Х Ш А А Д С Р; О Ф Х Ш А А А А А Т;22
126;fish 14 1; О Ф Х Ш А К К А Д С Р; О Ф Х Ш А Д С Д С Т;4
127;fish 14 2; О Ф Ф О О И Л Б Л К Ш Х Ц Щ Г З С С З З З Г З С С З Г Щ Ц Х Ш А К Л Л И О О Ф Х Ш А К К Ш Х Ц Ц Х Ш А Ш Х Ц Щ Г З С С З Г З З Г З З Щ Ц Х Ш К И О О И К А Ш Х Ц Щ Г З С С З Щ Ц Х Ш А Ш Х Ц Щ З С Т; О Ф Х Ш А Д С Д С Т;91
128;fish 14 3; О Ф Х Ш А Ш Х Х Ш А Ш Х Ц Щ Г Щ Ц Х Ш А А К И Ф Х Х Ц Г Г Щ Ц Ц Щ Г З С С З К Л Л Ж С З Г З С Т; О Ф Х Ш А К К К К Т;41
129;fish 15 1; О Ф Х Ш А К Л Б Е С С С С Е Л Л Е С Д А А Д С С Д Ш Х Ц Щ З С Т; О Ф Х Ш А Д С С С Т;23
130;fish 15 2; О М К З С Т; О Ф Х Ш А Д С С Д Т;7
131;fish 15 3; О Ф Ц Ц Ф О О О О И Л Б Е С Д С С Д А Ш Х Ц Ц Ф Ф Х Ш А А А К К А Д С С Д А Ш Х Ф О О И Л Б Е С Д А Ш Ш Д С С С Р; О Ф Х Ш А К К К К Т;50
132;fish 16 1; О Ф Ф О О Ф Х Ш А Ш Х Ф О О М М И Л Е Е Л К А А А Ш Х Ц Щ Г Г Г Г Г К Л Ж С С Ж В Л К Г Г З З Щ Ц Х Ш А Ш Х Ц З С С З Щ Ц Х Ш А Ш Х Ц Г З С Ж Л К З З Г З С С З Щ Ц Х Ш А Д С С Д А Ш Х Ц Г З З Щ Ц Х Ш А Д С С Д Ш Х Ц З С С З Щ Ц Х Ш А Ш Х Ц Щ З С Ж Л К Г Щ Ц Х Ш А А Ш Х Ц Щ З С С З Щ Ц Х К Л Е Р; О Ф Х Ш А Ш А К К Т;139
133;fish 16 2; О Ф Х Ш К К Ш Х Ц Ц Х Ш Д С Е Л К Ш Х Ц Ц Х Ш Ш Х Ц Ц Х Х Ц Щ З С С З Г Щ Ц Х Х Ц Щ З С С З Щ Ц Х Ш А Д С Р; О Ф Х Ш А Д С С С Т;46
134;fish 16 3; О Ф Х Ш А К К А Ш Х Х Ш К К А К Л Б Л К К Л Е Р; О Ф Х Ш А К К К К Т;15
135;fish 16 4; О Ф Ц Щ Г Щ Ц Ц Г К Л Ж С З З С Т; О Ф Х Ш А Ш А К К Т;14
136;fish 17 1; О О О Ф Х Ш А Ш Х Ц Ц Ф Ф Х Ш А К Л Л И О О Ф Ц Ц Х Х Ц Щ Г З С С З Ц Ц З С С З Г Г Г З С С З Г Ц Х Ш Д С С Д А А А Ш Х Х Ш А Д С Р Р Е Л К А А А Д С С Д А А Ш Х Ц З З Г З С С З Г Ш Ц Х Х Ц З С С З Г Г Щ Ц Х Ш А К К Д С С Д А А Ш Х Ц З С С З Г Г Щ Ц Х А Д С С Д А Ш Х Ц З С Т; О Ф Ф Ф Ф Ц Щ К Л Т;130
137;fish 17 2; О Ф Х Ш А К К Ш Х Ц Ц Х Ш А Ш Х Ц З З Г З С Ж Л К Г Щ Ц Х Ш А К К А Ш Х Ц З С С З Щ Ц Ц З С С З Ц Х Ш Д С С Д Ш Х Ц З С С З Щ Ц Ц Ц Х Ш Ш Х Ц З С С З Щ Ц Х Ш А Д Д К Л Е С Д А Д С Р; О Ф Ф Ф Х Ш А Ш А Т;84
138;fish 18 1; О М Л Л К Г Г Г Щ Ц Х Ш Ш Х Ц Щ Г З С С З Г К Л Л К Щ Ц Х Ш А К Л Л И И И И К Д С Р; О Ф Х Ш А Д С С С Т;36
139;fish 18 2; О Ф Х Ш А Ш Х Х Ш К К А Ш Х Ц З С С З Г Щ Ц Х Ш А Ш Х Ц Д Д А Ш Х Ц З С Т; О Ф Х Ш А Д С С С Т;29
140;fish 18 3; О М К Г З С С З Г Щ Ц Х Ш А К Л Л К К Л Л И О О Ф Х Ш А А К К Д С Р; О Ф Х Ш А К К К К Т;26
141;fish 19 1; О Ф Ф И К А К К А А К Л Б Л К Ш Х Ц Щ Г Г Щ Ц Х Ш А Ц С Ж Л М И К А Л К Д С Р; О Ф Ф Ф Ф Ф Ф Ф Ф Т;36
142;fish 19 2; О Ф Х Ш А Ш Х Ц Щ Г Щ Ц Ф Ф Ц Щ Г К Л Ж С С Т; О Ф Ф Х Ш А К К Л Т;17
143;fish 19 3; О Ф Х Ш А К И Ф Ф О О Ф Ц Щ Г К К Щ Ц Х Ш А Ш Х Ц Щ Ф О О Ф Ц Щ Г К К Г Г Г З С Ж Л К Г З С Т; О Ф Ф Ф Х Ш А К К Т;38
144;fish 19 4; О Ф Ц Ц Х Ш А К К Ш Х Ц Щ Г К Л Л М И К Д Д А А К Л Д С С Р; О Ф Х Ш А Ш А К К Т;22
145;fish 20 1; О Ф Х Ш А Д С Е Б Л К Ш Х Ц Ц Ф Ф Ц Щ Г З С Т; О Ф Ф Х Ш А Ш А К Т;18
146;fish 20 2; О Ф Х Ш А Ш Х Ц Ц Х Х Ц Щ Г Щ Ц Х Ш Д С Р; О Ф Х Ш А Д С С С Т;15
147;fish 20 3; О Ф Х Ш А А Ш Х Ц Щ Г К Л Л К Щ Ц Х Х Ц Щ К К Щ Ц Х Х Ц Щ Г З С Т; О Ф Ф Х Ш А К К К Т;26
148;fish 20 4; О Ф Х Ш А Ш Х Ц Щ Г К М И Ш Х Х Ш Д С С Д Ш Х Ц Щ Г З С С З Г Щ Ц Х Ш А К К Ш Х Ц Щ З З Ц Х Ш А Д С Е Л Л Е Р; О Ф Х Ш А Ш А К К Т;46
149;fish 20 5; О Ф Ц Щ Г З С Ж Л М И К А К Л Е Р; О Ф Ф Ф Ц Щ К Л Ж Т;13
150;fish 20 6; О Ф Х Ш А Ш Х Ц Щ Г К К Г Щ Ц Х Ш А К К А Ш Х Ц Щ К Л Ж Т; О Ф Х Ш А К К К К Т;20
151;fish 21 1; О Ф Х Ш А А Д С Е Л К Ш Х Ф О О Ф Ц Щ Г Щ Ц Х Х Ц Щ Г К Л М И Л Е Р; О Ф Ф Ф Х Ш А Ш А Т;29
152;fish 21 2; О Ф Ц Щ Г З С Т; О Ф Ф Х Ш А Ш А К Т;7
153;fish 21 3; О Ф Х Ш А Ш Х Х Ш А Ш Х Ц Щ Г З С Т Т Ж Л К З С Т; О Ф Ф Х Ш А К Л К Т;18
154;fish 21 4; О Ф Ц Щ Г Щ Ц Х Ш А Ш Х Х Ш К К Д С С Д Ш Х Ф Ф Х Ш Д С Р; О Ф Х Ш А Ш Х Ц Щ Т;22
155;fish 21 5; О Ф Ф И К Ш Х Ц Ц Ц Щ К Л Ж Т; О Ф Ф Ф Ф Ф Ц Щ К Т;9
156;fish 21 6; О Ф Х Ш А К К Ш Х Ц Г Щ Ц Ц Щ Г К Л Ж С С Т; О Ф Ф Ф Х Ш А К Л Т;17
157;fish 22 1; О Ф И И И К А Д С С Д Ш Ш А Ш Ш А Ш Х Ц Щ Г К Л Ж Т; О Ф Ф Х Ш А Ш А Д Т;20
158;fish 22 2; О Ф Х Ш Ш Х Ц Щ К Л Л К Щ Ц Х Ш А Ш Х Ц Щ Г К К Г Щ Ц Х Ш Д С Р; О Ф Х Ш А Д С С С Т;26
159;fish 22 3; О Ф Ц Щ К К Щ Ц Х Ш А Ш Х Ц Щ Г К Л Ж Т; О Ф Ф Х Ш А К К К Т;14
160;fish 22 4; О Ф Ц Ц Х Ш А Ш Х Ц З С С З Щ Ц Х Ш А Ш Х Ц Щ Г К Л Л К Щ Ц Х Ш К Л Б Е Р; О Ф Х Ш А Ш А Ш Х Т;28
161;fish 22 5; О Ц Щ К М И К Д Д А К К Ш Х Ц Ц Х Ш А К А А Д Д А Ш Х Ц К Л Ж Т; О Ф Ф Ц Щ К Л Л Л Т;28
162;fish 23 1; О Ф Х Ш А Ш Х Ц Щ Г З С Т; О Ф Х Ш А Ш А Д С Т;6
163;fish 23 2; О Ф Ф М М М К Г Щ Ц Х Ш А Ш Х Щ К М М Л Ж Т; О Ф Х Ш А Ш А Д С Т;16
164;fish 23 3; О Ф Ц Щ Г Щ Ц Х Ш А Ш Х Ц Щ З С Т Т Ж Л Л Ж Т; О Ф Х Ш А Ш А К К Т;17
165;fish 23 4; О Ф Ц Ц Х Ш А А К К А А А Ш Х Ц Щ Г З С С З Щ Ц Х Ш А Ш Х Г Щ Ц Х Ш А Ш Х Ц Щ Г З С С З Щ Ц Х Х Ц Щ К Л Ж Т; О Ф Х Ш А Ш Х Ц Щ Т;45
166;fish 24 1; О Ф Х Ш А Ш Х Ц Ц Х Ш А Ш Х Ц Ц Х Ш Д Д Ш Х Ц Щ З С С Ж Л К Г К Щ Ц Х Ш А Ш Х Ц Щ З С Л Л Ж Т; О Ф Ф Ф Ц Щ К Л Л Т;40
167;fish 24 2; О Ф Ф И К А Ш Х Ц Щ Г Щ Ц Х Ш А Ш Х Ц К Л Ж Т; О Ф Х Ш А К К К К Т;17
168;fish 24 3; О Ф Х Ш А Ш Х Х Ш К К Д С С Д К К Ш Х Ц Ц Х Ш К Л Е С Д Щ Х Ц З С С З Г Щ Ц Х Ш К Л Е Р; О Ф Ф Ф Ф Ц Щ К Л Т;38
169;fish 24 4; О Ф Х Ш А Ш Х Ц Щ Г Щ Ц Х Ш К К Ш Х Ц З С С З Щ Ц Х Ш К К К Л Е Р; О Ф Х Ш А К К К К Т;24
170;fish 24 5; О Ф Х Ш Ш Х Ц Щ З С С З Г З С Ж Л К Щ Ц Х Х Х Ш А Ш Х Х Ш А Д С Р; О Ф Ф Ц Щ К Л Л Ж Т;28
171;fish 24 6; О Ф Х Ш А К И Ф Ц Ц Х Ш Д С Р; О Ф Х Ш А К К К К Т;9
172;fish 24 7; О Ф Ф О О Ф Ф Х Ш А Д С Р; О Ф Х Ш А К К К К Т;9
173;fish 24 8; О Ф Ф О О М К Г К М И Л Е С С Р; О Ф Ф Х Ш А К К К Т;11
174;fish 25 1; О М Л Л М О О И И К А К И К Д С С Д Ш Х Ц Щ Г К К Г Щ Ц Ш Д С Р; О Ф Х Ш А Д С С С Т;26
175;fish 25 2; О Ф Ц Щ Г Щ Ц Х Ш А Д С Р; О Ф Х Ш А Д С С С Т;7
176;fish 25 3; О Ф Х Ш А К К Ш Х Ц Г К Л Ж Т; О Ф Х Ш А К К К К Т;7
177;fish 25 4; О М М Ф Х Ш А К Л Л М Ш Х Х Ш Д Д Ш Х Ц Щ Г Ц Х Д Д Ш Ш Д Д Ш Х Х Ш К К Ш Х Ц Щ К Л Ж Т; О Ф Х Ш А Ш Х Ц Щ Т;35
178;fish 25 5; О Ф Ф И К К И М М М М Ф Ц Щ К М М О Ф Ц Щ Г Щ Ц Х Ш К Л Е Р; О Ф Ф Ф Ц Щ К Л Ж Т;22
179;fish 26 1; О Ф Ц Щ Г К К Г Щ Ц Х Ш А Ш Х Ц Щ К М О О Ф Х Ш А К Л Е Р; О Ф Х Ш А К К К Л Т;21
180;fish 26 2; О Ф Х Ш К К А Ш Х Ц Щ К К Щ Ц Х Х Ц З С С З Щ Ц Х Ш Д С Р; О Ф Х Ш А К К К Л Т;22
181;fish 26 3; О Ф Ц Ц Х Ш А К Л Е С Д А А А К Л Б Б Б Е С С Р; О Ф Х Ш А К К К К Т;17
182;fish 26 4; О М Л В Ж Ж Л К Г Щ Ц Х Ш А Д С Е Л Л Е Р; О Ф Х Ш А К К К К Т;17
183;fish 26 5; О М К К М Ф Ц Щ Г Щ Ц Х Ш А К И И К Л Ж Т; О Ф Ф Х Ш А К Л М Т;14
184;fish 26 6; О Ф Х Х Ц Щ Г К Л Л М О О Ц Щ З С С З К Г Щ Ц Х Ш А К Л Е Р; О Ф Х Ш А К К К К Т;24
185;fish 26 7; О М К К М М Л Ж С З К К Щ Ц Х Х Ц Щ З С Ж Л Л Ж Т; О Ф Х Ш А К К К К Т;22
186;fish 4 1; О Ф Х Х Х Ш А К К А Ш Х Ц Щ Г З С С С С С З Щ Ц Х Х Ф Ф Ц Ц Щ Г К К Щ Ц Х Х Ц Щ З С С З Щ Ц Ц Щ Щ К Л Ж С С С С С С С С С С З Щ Ц Х Ш А К Л Б Л К Л Л К Щ Ц Х Ш А К Л Л К Щ Ц Х Ш А К Л Л К К Л Б Л К К Л Л К К Л Л К К Л Е Р; О Ф Х Ш А Ш Х Ц Щ Т;102
187;fish 4 2; О М М М Л К Г Щ Ц Ф Ф Ц Щ Щ Ц Х Х Ц Щ З З Щ Ц Х Х Ц Щ З З Щ Ц Х Ш А К К Ш Х Ц Щ З З Щ У Ц Щ З З Щ Ц Х Х Ц Щ З С С С С С С С С С С З Щ Ц Ц Щ З З Щ Ц Ц Щ Щ З С С С Т; О Ф Х Ш А Ш А Д С Т;75
188;fish 5 1; О М Л К Г К Л Л К З С С З Ц Ф Ф Ц Ц Ф О О М М М Л Л К Ц Ц З З Ц Ц К Л Ж Т; О Ф Ф Ф Ф Ц Щ К Л Т;30
189;fish 5 2; О О О Ф Ц Ц Х Ш А К Л Л К Ш Х Ц Щ Г К Л Л К З С Т Т С С Т; О Ф Ф Ф Ц Щ К Л Л Т;22
190;fish 5 3; О М Л В Л К Г З С С З Ц Х Ш А К Л Л К А К Л Л К Л Л К А Ш Х Х Х Ц Ц Ф Ф Ф Ф Х Х Ф Ф Ц Ц Ф Ф Х Х Ф Ф Ц Щ К К З С С С С З К К Ц Х Х Ц Ц Х Х Ф Ф Х Х Ф Ф Х Ш К Л Л К К К Ш Х Ф Ф Ц Щ К К З С Т; О Ф Ф Ф Ф Ц Щ К Л Т;85
191;fish 6 1; О М Л В Л К Г Щ Щ З С Т; О Ф Ф Х Ш А К Л К Т;11
192;fish 6 2; О И Л Е Р Р С С С Д А Ш Х Ц Ц Ф О О И Л Е С С Р Р С Р; О Ф Х Ш А К К К Л Т;24
193;fish 6 3; О М М М О О Ф Ф Ц Щ Г К К З С Ж В Л Л Л К З С Т; О Ф Ф Х Ш А К К К Т;18
194;fish 6 4; О Ф Ф И И Л К К Л Б Л Л Л Л Л Л Л И И И И И И И И И И И И И Ф Х Ш А Ш Ш Ш Х Ц Ц Х Ш Д Д Ш Х Х Ш А Д С С С Е Л И И И И И И И К Ш Х Х Ш Д Д Ш Х Ц Ц Ц Щ Г К Л Л К З С С З К К Г З С Т; О Ф Х Ш А Ш Х Ц Щ Т;81
195;fish 7 1; О Ф Х Ш А К К Ш Х Ц Щ Г К Л В Л Л Л М М М О О Ф Ц Ц Ц Х Ш А Д Д А Д С Е Л И И Л Е С С Е Е Р; О Ф Ф Х Ш А Ш Х Ц Т;39
196;fish 7 2; О Ф Х Ш А Д С Е Л Л Е С Д Д С С С Е Л И И И И И Ф Х Х Ц Щ Г Щ Щ Щ Ц Ц Щ К Г З С Т; О Ф Х Ш А Д С С Д Т;32
197;fish 8 1; О М М О О Ф Ц Щ К Л Ж С З К К Щ Ц Х Ш Б Е С С Р; О Ф Ф Х Ш А Ш Х Ц Т;20
198;fish 8 2; О И И Ф Ф М К Г К Л Ж С З Г Г Г Щ Ц Х Х Х Ш А А Ш Х К Л Е С Д А Ш Х Х Ш К Л Б Л К А Д С С Д К К Д С С Д Ш Х Ф И К А Д С Р; О Ф Х Ш А Ш А К К Т;52
199;fish 8 3; О Ф Ц Ц Х Ш А Ш Х Х Ш А А Д С С Д Ш Х Х Ш Д С С Д Ш Х Ц Щ Г К К З С Т; О Ф Ф Х Ш А К К К Т;28
200;fish 9 1; О Ф Ц Щ Г К Л Л Л Л К Г Щ Ц Ф Ф Х Ш А Ш Х Ц Щ Г Щ Ц Х Ш А К К Ш Х Ф М Л Ж С С Ж Л М И К Д С Р; О Ф Х Ш А Д С С Д Т;39
201;fish 9 2; О Ф Х Ш А Ш Х Х Ш А Д С С Д А Ш Х Ц Щ Г З С С З Г Г Г Ш Ц Х Х Ц Ц Х Ш А А Ш Х Х Ш К К А Ш Х Х Х Ш Д С С Д Ш Х Ц З З Г Щ Ц Х Ш А Ш Х Ц З С Ж Л Л Ж С З К К Г Щ Ц Х Ш К К Д С С Д А Ш Х Ц З С С З Щ Ц Х Ш А А А Д С Р; О Ф Х Ш А Д С С Д Т;97
202;fish 10 1; О Ф Х Ш А К К А А Д Д Ш Х Ц Щ З С С З Щ Ц Х Ш Д Д Ш Х Ц Щ Г К Л Ж С С Т; О Ф Х Ш А К К Л К Т;28
203;fish 10 2; О Ф Х Х Ц Г К Л Л Л М Ф Х Х Ц Г З С С З Г Г Г Г Г Г Г З С С З Щ Ц Х Ш А К К И М Л Л М О О Ф Х Ш К К Д С Е Л И М Л Л К К К Г З С С З Щ Ц Х Ш К К Д Ш Х Ц Щ З С Т; О Ф Х Ш А Д С С С Т;71
204;fish 10 3; О Ф Ф Ф М И К Г Щ Ц Х Ш А К Л Л К Д Д Ш Х Ц Щ Щ Ц Х Х Ц Г З С С З Щ Ц Х Х Ц Щ Г Г З З Г Щ Ц Х Ш А Д С Р; О Ф Х Ш А К К К Л Т;45
205;fish 11 1; О Ф Ф Х Ш Д С С Д Ш Х Ц Щ Г Щ Ц Ц З С Ж Л М Ф Х Ш Д Д А Д С Е Л И М М И Л Е Е Л И И К Ш Х Ц Щ З С С З К Л Ж Т; О Ф Х Ш А К К К К Т;48
206;fish 11 2; О М К Г К Л Ж С З К Л Ж С З К М Ф Х Ш А К Л Е С Д К К А А Д С С Д А А Ш Х Ц Щ К Л Ж Т; О Ф Х Ш А А А А А Т;34
207;fish 12 1; О Ф Ц Щ Г З С С З Щ Ц Х Ш А Д С Е Л И О О О О И Л Л К К Л Е С Р; О Ф Х Ш А Д С С С Т;24
208;fish 12 2; О М М М И К Ш Х Х Ш Д С С Д А Д Д К К А Д Д Ш Х Ц Щ З С Ж Л М И К А Д С С Д К К Ш Х Ц Щ Щ Ц Х Х Ц Щ Г К Л Л К Ш Х Д С С С Р; О Ф Х Ш А Д С С С Т;54
209;fish 13 1; О Ф Ц Щ Г Щ Ц Ц Щ Г К М М М О О Ф Х Ш Д С С Д А Ш Х Ф Ф Х Ш А Ш Х Ц Щ Г З С Т; О Ф Ф Х Ш А А А А Т;32
210;fish 13 2; О Ф Х Ш А Ш Х Х Ш А Д С Е Б Л К А А А К Л Л К А А А Ш Х Х Ш Ш Д Ц Щ З З Г Щ Ц Х Ш А Ш Х Ц Щ Г К Л Ж С З Щ Ц Ш А К Л Л К Ш Х Ц Щ З С Т Т Ж Л В Л К Г З З Г Щ Ц Х Ш А К К Д С Р Р С Д А Ш Х Х Ш А К Л Е Р; О Ф Х Ш А А А А А Т;91
211;fish 13 3; О Ф Ц Щ К Л В Л К Г Щ Ц Х Ш А К К Ш Х Ф И Л Л К К Л Е Р; О Ф Х Ш А А А А А Т;23
212;fish 13 4; О Ф Ц Ц Х Ш А Д С С Д А Ш Х Ф О О Ф Х Ш А Д С С Д А Ш Х Ц Щ Г Щ Ц Ц Щ К К Г Щ Ц Х Х Ц Щ Г Щ Ц Ц Ц Х Х Ц Щ Г З С Т; О Ф Х Ш А Ш А А А Т;49
213;fish 14 1; О Ф Х Ш К К Г Ш Х Ц Щ К Л Л М И Л Е Р; О Ф Х Ш А Д С Д С Т;15
214;fish 14 2; О Ф Х Ш Д Д А К Л Л К К К Д Д Ш Х Х Ш Д Д Ш Х Ц Щ Г Щ Щ К К З С С З Ш Ц Х Ш Д Д Ш Х Щ Ц З С Ж Л Л В Л К З Щ Ц Ц Щ З С Г З С С З Ц Х Ш Ш Х Ц З С С З З С С С З З С Т; О Ф Х Ш А Д С Д С Т;73
215;fish 15 1; О Ф Х Ш К Л Е Р; О Ф Х Ш А Д С С С Т;5
216;fish 15 2; О Ф Х Ш Д С С Д А Д С С Д Ш Х Ц Щ З З Щ Ц Ц К К Щ Ц Х Ш Д С Р; О Ф Х Ш А Д С С Д Т;22
217;fish 15 3; О Ф Ц Щ З С С З Г К Л Ж С З Ц Х Х Ц З С С З Ц Х Х Ц З С С З Ц Х Ш А А Д С С Д Ш Ш Д С С Д Ш Х Ц З С С З С Ж Л Л Ж С З Ц Х Х Ц З С С З Щ Ц Х Х Ц Г З С Ж Л Л Ж С С С С С С Т; О Ф Х Ш А К К К К Т;81
218;fish 15 4; О Ф Х Ш К И И И И И Ф Ц Щ Г З С С З Щ Ц Ц Щ Щ Ц Х Ш А Д С С Д Д С С Д Ш Х Ц Щ Щ Ц Х Ш Д С С С С Д Ш Х Ц З С С З Ц Х Ш Д С С Д Ш Х Ц З С С З Ц Х Ш Д С С Д Ш Х Ц З С С З Ц Х Х Ц З С С З Ц Х Ш К К Ш Х Ц Щ З С С З Щ Ц Х Ш А К Л Е С Д Ш Х Х Ш Д С С Д Ш Х Ц З С С З Ц Х Ш Д С С Т; О Ф Х Ш А Д С С С Т;128
219;fish 16 1; О Ф Х Ш К И И К Ш Х Ц Г З С С З Г Г К К Щ З С С З Ц Х Ш А Ш Х Х Ш К К Д С С Д Ш Х Ц Г З С С З Ц Х Ш Д С С Д Ш Х Ц З С С З Ц Х Ш А А Ш Х Х Ш Д Д Ш Х Ц З С С З Щ Ц Х Ш А Ш Х Ц Г З С С З Ц Х Х Ц З С С З Щ Ц Х Ш Д С С Д Ш Х Ц З С С З Ц Х Ш Д С С Д А А Ш Х Ц К К К Л Ж С З Ц Х Х Ц З С Ж Л М Ф Х Ш Х Ц З С Т; О Ф Х Ш А Ш А К К Т;142
220;fish 17 1; О Ф Х Ш А Д С С Д А К К Ш Х Ш Д С С Д А Ш Х Ц Щ Г К Л В Ж С З З С С З Щ Ц Х Ш А Д С Р; О Ф Ф Ф Ф Ц Щ К Л Т;37
221;fish 17 2; О Ф Х Х Ф Ф Ф Ф Ф Ц Щ Г З С С З К Л Ж С З Щ Ц Ц Щ Г З С С З Щ Ц Х Х Ц Щ З С Т; О Ф Ф Ф Х Ш А Ш А Т;34
222;fish 17 3; О Ф Х Ш К Л Б Л И И И Ф Ц Ц Ц Щ З С С З Щ Ц Х Ш Д С С Д Д С С С Р; О Ф Ф Ф Ф Ц Щ К Л Т;28
223;fish 18 1; О М М Ф Х Ш А Ш Х Х Ш Д С Р Р Е Л К К А Ш Х Ц Щ Г К К Г З С Ж Л Л Ж С З Г Щ Ц Х Ш А К К Д С С Д А К К Д С С Д Щ Х Ц Щ Г З С С З Щ Ц Ц Щ З С Т; О Ф Х Ш А Д С С С Т;62
224;fish 18 2; О Ф Х Ш Д С Е Л Л Е С Д А Ш Х Ц Ц Х Ш Д С С Д А К К Д С С Д Д Д Д Д Ш Х Ц Щ Г З С С З Щ Ц Ц Щ Г З С С З Г Щ Ц Х Х Ц Щ З З З С С З Щ Ц Ц Щ Г Щ Ц Х Х Ц Щ З С С З Щ Ц Х Ш А К И И И И К А Д С С Д Ш Х Ц Щ Г Г Г З С С З К К К Л Ж С С Т; О Ф Х Ш А Д С С С Т;106
225;fish 18 3; О Ф Ц Щ Г Щ Ц Х Ш Ш Х Ц Щ Г З С С З Щ Ц Х Х Ц Щ З С С З Щ Ц Х Ш А Д С С Д Ш Х Ц Щ Щ Ц Х Ш Д С С Д Д С Р; О Ф Х Ш А К К К К Т;47
226;fish 18 4; О Ф Х Ш Ш Х Ц Щ З С С З Щ Ц Х Х Ц Г З С Ж Л Л Л М И К А Ш Х Х Ш К Л Е С С Р; О Ф Х Ш А Ш Х Ц Щ Т;31
227;fish 19 1; О И К А А Д С С Д Ш Х Ц Щ Г З С Ж Л К Щ Ц Х Ш К К Ш Х Ц Щ Г Г З С Ж Л М А Д С Р; О Ф Ф Ф Ф Ф Ф Ф Ф Т;39
228;fish 19 2; О Ф Х Ш Д С С Д К К А Ш Х Ц Щ Г Щ Ц Ц Щ З З З Л К Щ Ц Х Ш Д С Р; О Ф Ф Х Ш А К К Л Т;26
229;fish 19 3; О Ф Х Ш А Ш Х Х Ш К И Ф Ц Щ Г К Л Ж С З Щ Ц Ц Щ З Щ Ц Х Х Ц Щ З С Ж Л Л Ж Т; О Ф Ф Ф Х Ш А К К Т;33
230;fish 19 4; О Ф Ш Х А Д С Р Р С Д Д С С Д Ш Х Ц Ц Х Ш Ш Х Ц Ц Х Ш Д С С С С Д Ш Х Ц Ц Х Ш Д С Р; О Ф Х Ш А Ш А К К Т;37
231;fish 20 1; О Ф Ц Щ Г К Л В Ж Т; О Ф Ф Х Ш А Ш А К Т;8
232;fish 20 2; О Ф Х Ш А Ш Х Ц Щ Г З С Т; О Ф Х Ш А Д С С С Т;7
233;fish 20 3; О М Л В Ж С З Щ Ц Х Ш А Ш Х Ц Щ Г Щ Ц Ц Щ Г З С Ж Л Л Ж С З Щ Ц Х Ш Д С Р; О Ф Ф Х Ш А К К К Т;33
234;fish 20 4; О Ф Х Ш А Ш Х Ц Щ Г З С С С С З Щ Ц Х Ш А Ш Х Ц Щ З С С З Щ Ц Х Ш Д Д Ш Х Ц Щ К Л Ж Т; О Ф Х Ш А Ш А К К Т;35
235;fish 20 5; О Ф Х Ш А Ш Х Ц Щ К Л Ж С З Щ Ц Ц Щ Г З С Т Т С С Т; О Ф Ф Ф Ц Щ К Л Ж Т;19
236;fish 20 6; О М К Г З С С З Щ Ц Ц Щ З С С С С З Щ Ц Х Х Ц Щ З С С С Т; О Ф Х Ш А К К К К Т;27
237;fish 20 7; О Ф Ц Щ Г З С С З Щ Ц Х Ш Ш Х Ц Щ З С С З Щ Ц Х Х Ц Щ З С С З Щ Ц Х Ш А А Ш Х Ц Щ Г К Л Ж Т; О Ф Х Ш А К К К К Т;40
238;fish 21 1; О Ф Ц Щ Г Г Щ Ц Х Ш Д С Р; О Ф Ф Ф Х Ш А Ш А Т;9
239;fish 21 2; О Ф Ц Щ Г З З Щ Ц Х Ш А Ш Х Ц Щ Г К Л Ж Т; О Ф Ф Х Ш А Ш А К Т;14
240;fish 21 3; О Ф Х Щ А К И М К Щ Ц Ц Щ З С Т; О Ф Ф Х Ш А К Л К Т;11
241;fish 21 4; О Ф Ф Ф Х Ш А Ш Х Ц Щ К Л Л К З С Т Т С З Г Г К М О О Ф Х Ш Д С С Д Ш Х Ц Щ З С С З Щ Ц Х Х Ц Ц Ф О О Ф З С Т; О Ф Х Ш А Ш Х Ц Щ Т;46
242;fish 21 5; О Ф Х Щ А Д С С Д Д С Р; О Ф Ф Ф Ф Ф Ц Щ К Т;10
243;fish 22 1; О Ф Х Ш А Ш Х Х Ш А К Л Л К А Д С С Д А Ш Х Ц Щ Г К Л Ж Т; О Ф Ф Х Ш А Ш А Д Т;22
244;fish 22 2; О Ф Ф Ф Х Ш А Ш Х Ц Щ К Л Л К Щ Ц Х Ш Д С Р Р С Д А Д С С Д Ш Х Ц Щ Г К К Щ Ц Ц Щ З С Т; О Ф Х Ш А Д С С С Т;35
245;fish 22 3; О Ф Х Ш А Ш Х Ф Ф Ц Щ Г К Л Ж Ж Л К Щ Ц Х Ш Д Д К Л Е Е Л К Ш Х Ц Щ Щ Ц Ц Щ З С С З К Л Ж Т; О Ф Ф Х Ш А К К К Т;38
246;fish 22 4; О Ф Х Ш А Ш Ш А К К Ш Х Ц Щ К Л Ж С З Щ Ц Х Х Ц Щ З С С З Щ Ц Х Ш Ш Ш Х Ц Щ К Л Ж Т; О Ф Х Ш А Ш А Ш Х Т;33
247;fish 23 1; О Ф Х Ш А Ш Х Х Ш А К И М К Г Щ Ц Ф И К Д С Р; О Ф Х Ш А Ш А Д С Т;14
248;fish 23 2; О М Л Л К Г Щ Ц Х Ш А Ш Х Ц Щ Г З С Т; О Ф Х Ш А Ш А Д С Т;13
249;fish 23 3; О Ф Ф Ф Х Ш А Ш Х Ц Щ К Л Ж С З Г К Л Ж С Т; О Ф Х Ш А Ш А К К Т;14
250;fish 23 4; О Ф Ф О О Ф Х Ш А К И О О М М М М Ф Х Ш Д С С Д Ш Х Ц Щ Г К К З С Т; О Ф Х Ш А Ш Х Ц Щ Т;25
251;fish 23 5; О Ф Ц Щ Г К К З С С З Щ Ц Х Ш Ш Х Ц Щ З С С З Щ Ц Х Ш А Ш Х Ц Щ З С Т; О Ф Ф Ф Ц Щ К Л Л Т;31
252;fish 23 6; О Ф Х Х Ц Щ К Л Л К Щ Ц Х Х Ц Щ Г Щ Ц Х Х Ц Щ З С С С С С С С С С С С С С Т; О Ф Х Ш А К К К К Т;33
253;fish 24 1; О Ф Ц Щ Г Щ Ц Х Ш А Ш Х Ц Щ Г З С Ж Л Л Ж Т; О Ф Ф Ф Ц Щ К Л Л Т;16
254;fish 24 2; О Ф Х Ш Д Д К К Ш Х Ф О О Ф М М М К К Г К М О Ф Х Ш Ш Х Х Ш А З С Ж Л Л Ж Т; О Ф Х Ш А К К К К Т;30
255;fish 24 3; О Ф Ц Ц Х Ш А К Л Е Е Л И И И О О М К Щ Ц Х Ш Д С С С Е Л И М Л Ж Т; О Ф Ф Ф Ф Ц Щ К Л Т;30
256;fish 24 4; О М К К Л Ж Т; О Ф Х Ш А К К К К Т;7
257;fish 24 5; О М К З С С З Г З С Т; О Ф Ф Ц Щ К Л Л Ж Т;10
258;fish 24 6; О Ф Х Ш К Л Л И М Л Ж Ж Л М О О И Л Е С Д А К Л Е Р; О Ф Х Ш А К К К К Т;20
259;fish 24 7; О М М О О И К Л Е Р; О Ф Х Ш А К К К К Т;8
260;fish 24 8; О М Л Л К Г К Л Ж Т; О Ф Ф Х Ш А К К К Т;8
261;fish 25 1; О Ф Х Ш А Ш Х Ц Щ Г К Л Ж Т; О Ф Х Ш А Д С С С Т;9
262;fish 25 2; О Ф Х Ш А Ш Х Ц Щ З С С З Щ Ц Х Ш Ш Х Ц Щ Г К К З С Т; О Ф Х Ш А Д С С С Т;19
263;fish 25 3; О Ф Ш Х Ц Щ Г К Л Л К З С С З Щ Ц Х Ш Ш Х Ц Щ К Л Ж Т; О Ф Х Ш А К К К К Т;21
264;fish 25 4; О Ф Ш А Ш Х Х Ш Д С Р; О Ф Х Ш А Ш Х Ц Щ Т;6
265;fish 25 5; О Ф Ц Щ Г З С С С С З К Л Ж Т; О Ф Ф Ф Ц Щ К Л Ж Т;10
266;fish 25 6; О Ф Х Ш А Ш Х Ц Щ З С С З К Л Л К Г З С Т; О Ф Х Ш А К К К К Т;14
267;fish 25 7; О Ф Ф М К Г З С С С С З Щ Ц Х Ш Ш Х Ц Щ З С Т; О Ф Х Ш А К К К К Т;19
268;fish 26 1; О Ф Х Ш А К К Ш Х Ц Щ З С Ж Л К Г Щ Ц Х Ш Д С Е Л К А Ш Х Щ Ц К Л Ж Т; О Ф Х Ш А К К К Л Т;26
269;fish 26 2; О Ф Х Х Ц Щ Г К К Щ Ц Х Х Х Ш Д С Р; О Ф Х Ш А К К К Л Т;13
270;fish 26 3; О Ф М К З С С С Ж Л М О О И К А К И М К З С Т; О Ф Х Ш А К К К К Т;18
271;fish 26 4; О М К Г К М И К К Л Л И О О И И М М М М И И М К Щ Ц Х Ш А Ш Х Ц Щ З С С З К Л Ж Т; О Ф Х Ш А К К К К Т;36
272;fish 26 5; О И И И Л Е С Д Д С С Д Ш Х Ц Щ Г З С С С С С Т; О Ф Ф Х Ш А К Л М Т;22
273;fish 26 6; О М Л Ж Ж Л М И Л Л И М Л Ж Т; О Ф Х Ш А К К К К Т;14
274;fish 3 1; О И Л К Ш Х Х Ш А К К Ш Х Ц Ц Ц Щ З С С З Г К Л Ж С С С З Щ Ц Х Ш Д Д Ш Х Ц Ц Х Ш Д С С С С С С Д Ш Х Ц Щ З С С З Щ Щ З З Щ Ц Х Ш Д Д Ш Ш Д С С С С Д Ш Х Ц Щ З С С С Т; О Ф Ф Ф Ф Ф Ф Ф Ф Т;83
275;fish 3 2; О И Л К Д Д Ш Х Ц Ц Х Ш Д Д Ш Х Ц Ц Х Ш Д С С Д Ш Х Ц Щ З З Щ Ц Х Ш Ш Х Ц Щ Щ Ц Х Ш Ш Х Ц Щ З З Щ Ц Х Ш А Д С С Д Ш Х Ц Ц Ц Щ З С С С С З Щ Щ Ц Щ З С С С С З Щ Ц Ц Щ З С С З Щ Ц Ц Щ З С С С С З Щ Ц Ц Щ З С С З Щ Ц Х Ш Ш Х Ц Ш З С Т; О Ф Ф Х Ш А К Л К Т;112
276;fish 3 3; О М Л К Г К Л Ж С С С С Т; О Ф Ф Х Ш А К К К Т;12
277;fish 4 1; О Ф Х Ш К К Ш Л Ц Щ З З Щ Ц Х Ш Ш Х Ц Щ З С С З З С С З Щ Ц Х Х Ц Щ З С С С С З Щ Ц Х Х Ц Щ З С С З Щ Ц Х Ш Ш Х Ц Щ З С С З Щ Ц Х Ш Д С С Д Ш Х Ц Щ З С С З Щ Ц Х Х Ц Щ З С С З Щ Ц Х Ш Ш Х Ц Щ З С С З Щ Ц Х Ш Ш Х Ц Щ З С С З Щ Ц Х Ш Ш Х Ц Щ З С С З Щ Ц Х Х Ц Щ З С Т; О Ф Х Ш А Ш Х Ц Щ Т;125
278;fish 4 2; О И К А Д С С С С Д Ш Х Ц Щ З С С З Щ Ц Х Ш Д С С Д Ш Х Ц Щ Д С С С С С С С С С Р; О Ф Х Ш А Ш А Д С Т;35
279;fish 4 3; О Ф Х Ш А Д Д К Л Л К Д С С Д Ш Х Ц Щ Г З С С З Г Щ Ц Х Ш Ш Х Ц Щ Щ Ц Х Х Ц Щ З С С З Щ Ц Х Х Ц Щ З С С З Щ Ц Х Ш Ш Х Ц Щ Щ Ц Х Ш Ш Х Х Ш Д С С Д Ш Х Ц Щ З С С З Щ Ц Ш Ш Х Ц Щ З С С З Щ Ц Х Ш Ш Х Ц Щ З С С З Щ Ц Х Ш Ш Х Ц Щ З С С З Щ Ц Х Ш Ш Х Ц Щ З С С З Щ Ц Х Ш Д Р Р С Д К И М Л К Щ Ц Х Ш К Л Л К Ш Х Ц Щ З С Т; О Ф Х Ш А Ш Х Ц Щ Т;148
280;fish 5 1; О О О И И И И И Л Л К Д Д Ш Х Ц Щ Щ Ц Х Ш Ш Х Ц Щ Щ Ц Х Ш Ш Х Ц Щ Щ Ц Х Ш Д С С Д Ш Х Ц Щ З С С З Щ Ц Х Х Ц Щ З С С З Щ Ц Х Х Ц Щ З С С З Щ Ц Х Ш Д С С Д Ш Х Ц Щ З С С С С С С Щ Ц Х Х Ц Щ З С С С С С С С Т; О Ф Ф Ф Ф Ц Щ К Л Т;100
281;fish 5 2; О Ф Ц Щ З С С З Щ Ц Х Х Ц Щ З С С С С С С З Щ Ц Х Ш Ш Х Ц Щ З С С С С С С С С С С С С З Щ Ц Х Х Ц Щ З С С З Щ Щ Ц Х Ш Ш Х Ц Щ З С С З Щ Ц Х Х Ц Щ З С С С С З Щ Ц Х Х Ц Щ З С С С С З Щ Ц Х Х Ц Щ З С С С С С С З Щ Ц Х Х Ц Щ З С С С С С С С С С С С С С С С С С С С С С С С С С С С С С С С С С С С Т; О Ф Ф Ф Ц Щ К Л Л Т;144
282;fish 5 3; О Ф Ц Ц Х Щ Д С С Д Ш Х Ц Щ З С С З Щ Ц Х Х Ц Ц Х Х Ц Ц Х Х Ц Ц Х Х Ц Щ З С С З Щ Ц Х Х Ц Щ Щ Ц Х Х Ц Щ З С С З Щ Ц Х Х Ц Ц Х Ш К Л Е Р; О Ф Ф Ф Ф Ц Щ К Л Т;62
283;fish 6 1; О Ф Ц Щ Г З С С З Щ Ц Х Х Ц Щ З С С С С С С С С С С З Щ Ц Х Х Ц Щ З С С З Щ Ц Ц Щ З С С З Щ Ц Х Х Ц Щ З С С З Щ Ц Ц Щ З С С З Щ Ц Ц Щ З С С З Щ Ц Ц Щ З С С З Щ Ц Х Ш Д Д Ш Х Ц Щ Щ Ц Х Х Ц Щ З С С С С С С С С С С З Щ Ц Х Ш А Ш Х Ц Щ З С С З Щ Ц Х Х Ц Щ З С С С С С С С С З Щ Ц Ц Щ З С С С С С С С С С С С С З Щ Ц Х Х Ц Щ Щ Ц Х Х Ц Щ З С Ж Ж С С Т; О Ф Ф Х Ш А К Л К Т;168
284;fish 6 2; О И Л Е С Д А К К Д С Е Л Б И И И И К К Л Е С Д С С Д Ш Х Ц Щ Щ Ц Х Ш Д Д Ш Х Ц Щ З С С З Щ Ц Х Х Ц Щ Щ Ц Х Ш Д С Р; О Ф Х Ш А К К К Л Т;52
285;fish 7 1; О И Л К Ш Х Ц Щ З С С З Щ Ц Х Ш Ж С Р; О Ф Ф Х Ш А Ш Х Ц Т;16
286;fish 7 2; О Ф Ц Щ З С С З Щ Ц Х Х Ц Щ З С С З Щ Ц Х Х Ц Щ Щ Ц Х Х Ц Щ З С Т; О Ф Х Ш А Д С С Д Т;28
287;fish 7 3; О Ф Ц Щ К Л Л М Ф Х Х Ц Щ З С С С С З Щ Ц Х Х Ц Щ Щ Ц Х Ш Ш Х Ц Щ З С С С С С С З Щ Ц Ц Щ З С С З Щ Ц Х Ш Ш Х Ц Щ З С С С С З Щ Ц Х Х Ц Щ Щ Ц Ц Щ З С С З Щ Ц Х Ш Ш Х Ц Щ З С С З Щ Ц Х Х Ш Ш Х Ц Щ Щ Ц Х Х Ц Щ З С С З К З С С З Щ Ц Ц Щ З З Щ Ц Щ Щ Ц Х Ш Ш Х Ц Щ З С Т; О Ф Х Ш А К К К К Т;128
288;fish 7 4; О Ф Ц Щ З С Ж Л М И К А Д С С Д Ш Х Ц Ц Х Ш Ш Х Х Ш Ш Х Ц Щ Щ Ц Х Ш Ш Х Ц Щ Щ Ц Х Ш Щ А Ш Х Ц Щ Щ Ц Х Ш Д С С С Р; О Ф Х Ш А Ш Х Ц Щ Т;48
289;fish 8 1; О М М И И И И И И И И И И И И И И И И И И И И И И И И И И И И И И И И И М К З С Т Т Ж Л К Г Щ Ц Х Х Ц Щ З С С С С С С З Г К Л Л Л К К Л Ж С З Щ Ц Х Х Ф О О М Л Ж С Т; О Ф Ф Х Ш А Ш Х Ц Т;80
290;fish 8 2; О О О М Л Ж Т; О Ф Х Ш А Ш А К К Т;8
291;fish 8 3; О О О О О О О О О М Л Л К З З Щ Ц Ц Щ З З Г З С С З К Л Л К Щ Ц Ц Щ З З Щ Ц Ц Щ З С С З Щ Щ З С С С С С С С С С С З Щ Ц Х Ш Д Д Ш Х Ц Щ Щ Ц Х Ш Ш Х Ц Щ З С С З Щ Ц Х Ш Ш Х Ц Щ Щ Ц Х Ш Ш Х Ц Щ Щ Ц Х Ш Ш Х Ц Щ З С С З Щ Ц Х Ш Ш Х Ш Щ Щ Ц Х Х Ц Щ З С С С С С Т; О Ф Ф Х Ш А К К К Т;125
292;fish 8 4; О Ф Ф Ф Х Х Ф О О М К Щ Щ Ц Ц Щ Щ Ц Ц Щ З С С С С З З С С З Щ Ц Х Ш Д Д Ш Х Ц Щ З С С З З С Т; О Ф Х Ш А Ш Х Ц Щ Т;39
293;fish 9 1; О Ф Х Ш Д Д Ш Х Ц Щ З З Щ Ц Ц Щ Г Г Щ Ц Х Ш Д С С Д А Ш Х Ц Щ Щ Ц Х Ш Д Д Ш Х Ц Щ З З Щ Ц Х Ш Щ Ц Х Ш К Л Д С С Д Ш Х Ц Щ З С С З Щ Ц Х Ш Д С С Д Ш Х Ц Щ З С С З Щ Ц Х Ш Д С С С С Д Ш Х Ц Щ З С С З Щ Ц Х Ш Д С С Д Щ Х Ц Щ З С С З Щ Ц Х Ш Щ Ц Х Ш Д С С Д Ш Х Ц Щ Щ Ц Х Ш Д С С Д Ш Х Ц Щ Щ Ц Х Ш Д С С С С С С Д Д С С; О Ф Х Ш А Д С С Д Т;149
294;fish 9 2; О Ф Х Ш К К Д С С С Р; О Ф Х Ш А Д С С Д Т;4
295;fish 9 3; О И Л Л К А Д С С Д К К Ш Х Х Ш Д С С С С С Р; О Ф Х Ш А А А А Д Т;20
296;fish 10 1; О И Л Е С С Е Л Л Е С С Р; О Ф Х Ш А К К Л К Т;11
297;fish 10 2; О М Л Л К З С С З Щ Ц Ц Щ Щ Ц Ц Щ Щ Ц Х Ш Ш Х Ц Щ З З Г З З Щ Щ З С С З З С С З Щ Ц Х Ш Ш Х Ц Щ Щ Ц Х Ш З С С С С С С С С С Т; О Ф Х Ш А Д С С С Т;57
298;fish 10 3; О И И И К Д С Р; О Ф Х Ш А К К К Л Т;7
299;fish 10 4; О Ф Х Ш А К К Д С С Д А К И И И И И И И Ф Ц Щ Г З З К К З С С З Щ Ц Х Ш Ш Х Ц Щ З З Щ Ц Ц Щ З С Т; О Ф Х Ш А Д С С С Т;40
300;fish 11 1; О И К А Ш Ш Ш Х Х Ш Д С С С Е Л К Ш Х Ц Щ З С Ж Л Л В Ж С З З С Ж Л Л Ж С З Г К Л Ж С З Щ Ц Х Ш Д С С Д Ш Х Ц Щ З С С З Щ Ц Х Ш К Л Б Л И И И О О И И И И И И И Л Е Р; О Ф Х Ш А К К К К Т;77
301;fish 11 2; О М Л Л Л Л М И К Д С Р; О Ф Х Ш А А А А А Т;11
302;fish 11 3; О Ф Ц Щ З С С З Г К Л Ж С С Т; О Ф Х Ш А А А А А Т;13
303;fish 12 1; О Ф Х Х Х Ш Д С С Д Ш Х Ц Щ З З Щ Ц Ц Ц Х Ш А Ш Х Ц Ц Х Х Ц Щ Г Щ Ц Ц Щ Г Щ Ц Х Ш Д С С С Е Б Е С С С С С С Р; О Ф Х Ш А Д С С С Т;46
304;fish 12 2; О Ф Х Ш Д С Е Л И И К Д Д Ш Х Ц Ц Х Ш Д С С Д Ш Х Ц Щ З С С З Щ Ц Х Ш Д С С Д Ш Х Х Ш Д С С С Р Р С Д Ш Х Ц Щ З С С З Щ Ц Х Ш Д С С Д Ш Х Ц Щ З С С З Щ Ц Х Ш Д С С Д Ш Х Ц Щ З С С С С С С С Т; О Ф Х Ш А Д С С С Т;88
305;fish 12 3; О Ф Х Х Ц Щ Г З З К Л Л К Г Щ Ц Х Х Ц Щ К Л Ж С З К Л Ж Ж Л Л Л К Щ Ц Х Ш А К К Д Д Ш Х Х Ш Д С Е Л К Д С С Д А Ш Х Х Ш К К Д С Е Л К Ш Х Ц Щ К К Щ Ц Х Х Х Х Х Х Ф Ф Ц Щ К Л Ж Т Т С З К К К Л Ж Т Т С С Т; О Ф Х Ш А К К К К Т;93
306;fish 13 1; У О М Л Л К Г К К Щ Ц Х Ш А Ш Х Х Х Ц Ц Х Ш А Д С С Д Ш Х Ц Щ Г Щ Ц Х Ш Ш Х Ц Щ К Л Ж С З Г З С Ж В Л К Г З С Т; О Ф Ф Х Ш А А А А Т;51
307;fish 13 2; О И К Ш Х Ц Щ Г Щ Щ Х Х Ц Щ Щ Ц Х Ш А Ш Х Х Ш А К К Ш Х Ц Ц Х Ш А Д С Е Б Л К А А Д С С Д А А А Д С С Д Ш Х Ц Щ Г Г Щ Ц Х Ш А Д С Е Б Л И О О Ф Ц Щ Г К Л Ж Т Т С З К Л Ж Т; О Ф Х Ш А А А А А Т;78
308;fish 14 1; О М Л В Ж Т Т С З Г К М М К Г Г З С С З Г К Л Л К Щ Щ Г З С Т; О Ф Х Ш А Д С Д С Т;28
309;fish 14 2; О Ф Ц Щ Щ Ц Х Ш Д Д Ш Х Ц Щ К Л Ж С З Г Щ Ц Х Ш К Л Е С Д А Ш Х Х Ш Д С Р Р С Д Ш Х Ц Щ Щ Ц Х Ш А Д Д А Ш Х Ц Щ З С С З Щ Ц Х Ш Д Д Ш Х Х Ш А Д Д Ш Х Ц Щ З С С С Т; О Ф Х Ш А Д С Д С Т;73
310;fish 15 1; О Ф Ф И И И И И И О О О О О О М К Г З С С З Щ Щ К Л Ж Т; О Ф Х Ш А Д С С С Т;24
311;fish 15 2; О Ф Ц Щ Г Щ Ц Ф Ф Ц Щ Г Щ Ц Ф О О М Л Ж С С С З К Л Ж Т; О Ф Х Ш А Д С С Д Т;24
312;fish 16 1; О Ф Ц Щ Г К К К М О О М К Щ Ц Х Ш М М М М М М М М М М Л Ж Ж Л К К М О О М К З С С С Т; О Ф Х Ш А Ш А К К Т;37
313;fish 16 2; О Ф Ф М К Г Щ Ц Ц Щ К К Щ Ц Х Ш А Ш Х Ц Щ З С С З Щ Ц Х Ш Д С С Д А Ш Х Ц Щ Г Г Г З С С З Щ Ц Х Ш Д С Р Р С С С Д Ш Х Х Ш Д С С Д Ш Х Ц Щ Г З С С З Щ Ц Ц Щ З С С З Щ Ц Х Ш Д Д Ш Х Ц Щ З С Ж Ж Т; О Ф Х Ш А Д С С С Т;88
314;fish 17 1; О Ф Ц Щ Г Г З С С З Г Щ Ц Х Ш А Д С Е Б Л И М К Г Г Щ Ц Ц Щ З С Ж Л Л Ж С З Г К Л Ж Т Т С З Щ Ц Х Ш К Л Е С Д Ш Х Х Ш Д С С Д Ш Х Ц Щ З С С З Щ Ц Х Ш Д С Е Л И И Л Л К Д С С С Е Л И Ф Ц Щ Г К Л Л М И И М К З С Т Т Ж Л Л Ж С С Ж Л Л Ж Т; О Ф Ф Ф Ф Ц Щ К Л Т;111
315;fish 17 2; О Ф Ф М К Г Г З С Ж Л Л Ж С З Щ Ц Х Ш А А Ш Х Ф И Л К К Л Л К Д С С Д А Ш Х Ц Щ З С Ж Ж Л К Щ Ц Х Ш К Л Е Е Л И М К З З Щ Ц Х Ш Д С Е Л И Ф Ц Щ К Л Ж С З Щ Ц Х Ш К Л Л И М К З С С С Т; О Ф Ф Ф Х Ш А Ш А Т;84
316;fish 18 1; О Ф Ц Щ З С С З Щ Ц Х Ш А А К И М К Щ Ц Х Ш Д С С С Е Л И О О О О И И О О И И И Л Е Р; О Ф Х Ш А Д С С С Т;34
317;fish 18 2; О Ф Х Ш А Д С Е Л К К И М К К Л Ж С З Щ Ц Х Ш Д Д Ш Х Ц Щ З С Ж Л М О О Ф Х Ш К Л Л И О О И К К Л Л И М К К Л Л К Щ Ц Ц Щ З С Т; О Ф Х Ш А Д С С С Т;55
318;fish 19 1; О Ф Ф М К Г Щ Ц Х Ш А К К Д С Е Л К Щ Ц Ц Щ К Л Л К К Л Ж Т; О Ф Ф Ф Ф Ф Ф Ф Ф Т;27
319;fish 19 2; О Ф Ф О О И К А Ш Х Ц Щ Г З С С З Щ Ц Х Ш Д С С С Е Л И О О М К Щ Ц Х Ш К К Ш Х Ф Ф Ц Щ К Л Ж Т; О Ф Ф Х Ш А К К Л Т;40
320;fish 19 3; О Ф Ц Щ К Л Ж Ж Л К Щ Ц Х Ш А Ш Х Х Ш Д С С Д Ш Х Х Ш А К Л Е С Д Ш Х Ц Щ К К Г З С Ж Л Л Ж Т; О Ф Ф Ф Х Ш А К К Т;40
321;fish 19 4; О Ф Ц Щ Г К Л Л М И Л Б Л К Ш Х Ц Щ К М И К Д О А Ш Х Ц Щ З С С З Г К Л М М К З С Ж В Л М О О М К К М И И К К И М Л Ж Т; О Ф Х Ш А Ш А К К Т;53
322;fish 20 1; О Ф Ц Щ З С Ж Л К Г З С С З Щ Ц Х Ш А Ш Х Ц Щ З С Ж Л К Щ Ц Х Ш А Ш Х Ц Щ З С С З К Л Ж Т; О Ф Ф Х Ш А Ш А К Т;37
323;fish 20 2; О Ф Х Ш Д С С Д А К К Ш Х Х Ш Д С С Д Ш Х Ц Щ Г К К Щ Ц Х Ш Д С С Д Ш Х Ц Щ З С С З Щ Ц Х Ш Д С Р; О Ф Х Ш А Д С С С Т;40
324;fish 20 3; О Ф Ц Щ К Л Ж Т; О Ф Ф Х Ш А К К К Т;7
325;fish 20 4; О Ф Ф Ф Ф И К К Л Е С Д А Д С С Д Ш Х Ц Щ З С С З Щ Ц Х Ш А Ш Х Ц Ц Х Ш Д С Р Р Е Л К Ш Х Ц Щ Г Щ Ц Х Ш Д С С Д А Ш Х Ц Щ Г К Л Ж С З Щ Ц Х Ш Д С С Д Ш Х Ц Щ З С Т; О Ф Х Ш А Ш А К К Т;74
326;fish 20 5; О И К К Л Л К К К Д С С Д А К И Ф Ц Ц Ц Щ Г Щ Ц Ц Щ З С Ж Л М И Л Е Р; О Ф Ф Ф Ц Щ К Л Ж Т;30
327;fish 21 1; О Ф Х Ш К К Ш Х Ц Щ З С С З К К Щ Ц Ф О О Ф Ф О О М Л Л К Г З С Ж Л Л В В Л К Щ Ц Х А Д С С Д К Л Е Р; О Ф Ф Ф Х Ш А Ш А Т;46
328;fish 21 2; О Ф Ф О О Ф Ф Ф Ц Щ К Л Л К Щ Ц Х Ш К И М Л Ж С С Ж Л М И А К К Ш Х Ц Щ Щ Ц Ц Щ Г К Л Ж Т; О Ф Ф Х Ш А Ш А К Т;37
329;fish 21 3; О И И М Л Ж С С Т; О Ф Ф Х Ш А К Л К Т;8
330;fish 22 1; О Ф Ц Щ К Л Л М Ф Ц Щ З С Т; О Ф Ф Х Ш А Ш А Д Т;12
331;fish 22 2; О М Л Ж Ж Л К Щ Ц Х Ш А К И И К Д С С Д К К Ш Х Ц Ц Х Ш К И М Л Ж С З Г Щ Ц Х Ш А К И Ф Ф М К З С Т; О Ф Х Ш А Д С С С Т;42
332;fish 22 3; О Ф Ф М Л Л К З Т; О Ф Ф Х Ш А К К К Т;5
333;fish 22 4; О Ф Х Ш Д С Е Л К Ш Х Ц Щ К К Г З С С З Щ Ц Х Ш А Ш Х Ц Щ К Л Л К К Л Ж Т; О Ф Х Ш А Ш А Ш Х Т;29
334;fish 22 5; О О О М К Щ Ц Х Х Ц Щ Щ Ц Х Ш Д С Е Л И М К З С Т; О Ф Ф Ц Щ К Л Л Л Т;21
335;fish 22 6; О Ф Щ Ц Х Ш Д Д Ш Х Ц Щ К Л Ж С З З З Щ Ц Х Ш Д Д Ш Х Ц Щ К Л Ж С З Щ Ц Х Ш Д С С Д Ш Х Ц Щ З С С З З С Т; О Ф Х Ш А К К К К Т;47
336;fish 22 7; О М К Щ Ц Х Ш К К Д Д Ш Х Ц Щ З С С З Г Щ Ц Ц Щ З С Т Т С З З С С С С З Щ Ц Ц Щ З С С З Щ Ц Х Ш Д Д Ш Х Ц Щ К Л Л К К Щ Ц Х Ш Д С С Д Ш Х Х Ш Д С С С Е Л И М К К К Щ Ц Х Х Ц Щ К Л Л К Щ Ц Ц Щ З С Т; О Ф Х Ш А Д С С Д Т;92
337;fish 23 1; О Ф Ц Щ К Л Л К Г З С С З Щ Ц Х Ш К К Ш Х Ц Щ К К З С Ж Л Л К К М О О М Л Ж С С Т Т С З К Л М И Л Е Р; О Ф Х Ш А Ш А Д С Т;45
338;fish 23 2; О М М М К К К З С С З Щ Ц Х Ш А Ш Х Ц Щ К М И И И И М К Щ Щ З С С З Щ Ц Х Ш К И М К Л Ж Т; О Ф Х Ш А Ш А Д С Т;39
339;fish 24 1; О Ф Ф М К К М И К К К К И И К Д С С Д А К К Д Д Ш Х Ц Щ К Л Ж Т; О Ф Ф Ф Ц Щ К Л Л Т;25
340;fish 24 2; О Ф Ф О М К Г Щ Ц Х Х Ц Щ К К З С С З К К Щ Ц Ц Щ К К З С С З Щ Ц Х Ш А Д С Р; О Ф Х Ш А К К К К Т;32
341;fish 24 3; О Ф Ф Ф Ц Щ К Л Л К К К Щ Ц Х Ш А Ш Х Ц Щ К К Щ Ц Ц Щ К Л Ж Т; О Ф Ф Ф Ф Ц Щ К Л Т;23
